<?xml version="1.0" encoding="UTF-8"?>
<rss version="2.0" xmlns:ror="http://rorweb.com/0.1/" >
<channel>
  <title>ROR Sitemap for https://wheelguru.in/</title>
  <link>https://wheelguru.in/</link>

<item>
     <link>https://wheelguru.in/</link>
     <title>Top Bike, Scooter Mileage, Price, Specification | Wheelguru</title>
     <description>Discover the best two-wheeler Bike / EV with excellent mileage, on road prices, detailed specification and info. Compare new bikes, scooters now by Wheelguru</description>
     <ror:updatePeriod></ror:updatePeriod>
     <ror:sortOrder>0</ror:sortOrder>
     <ror:resourceOf>sitemap</ror:resourceOf>
</item>
<item>
     <link>https://wheelguru.in/tvs-bikes</link>
     <title>TVS Bikes Price, Models, Specification, by Wheelguru</title>
     <description>In the dynamic landscape of the two-wheeler industry, TVS Bike Company has emerged as a trailblazer, consistently setting new benchmarks for performance.</description>
     <ror:updatePeriod></ror:updatePeriod>
     <ror:sortOrder>1</ror:sortOrder>
     <ror:resourceOf>sitemap</ror:resourceOf>
</item>
<item>
     <link>https://wheelguru.in/bajaj-auto</link>
     <title> Bajaj Bike Price, Models, Specification, by Wheelguru</title>
     <description> Bajaj Bike Price, Models, Specification, by Wheelguru. About Bajaj. We are the world's most valuable two and three wheeler company. Come and take a close</description>
     <ror:updatePeriod></ror:updatePeriod>
     <ror:sortOrder>1</ror:sortOrder>
     <ror:resourceOf>sitemap</ror:resourceOf>
</item>
<item>
     <link>https://wheelguru.in/hero-bikes</link>
     <title>Hero Bikes Price, Models, Specification, by wheelguru</title>
     <description>In the fast-paced world of motorcycles, one name that has consistently stood the test of time is Hero. Whether you're a die-hard motorcycle.</description>
     <ror:updatePeriod></ror:updatePeriod>
     <ror:sortOrder>1</ror:sortOrder>
     <ror:resourceOf>sitemap</ror:resourceOf>
</item>
<item>
     <link>https://wheelguru.in/ktm-bikes</link>
     <title>Ktm Bikes Price, Models, Specification, by wheelguru</title>
     <description>In today's fast-paced world, motorcycles have become more than just a mode of transportation; they are a statement of style, power, and adventure.</description>
     <ror:updatePeriod></ror:updatePeriod>
     <ror:sortOrder>1</ror:sortOrder>
     <ror:resourceOf>sitemap</ror:resourceOf>
</item>
<item>
     <link>https://wheelguru.in/royal-enfield</link>
     <title>Royal Enfield Price, Models, Specification, by Wheelguru </title>
     <description>If you're a motorcycle enthusiast, the name Royal Enfield needs no introduction. Synonymous with timeless style and unmatched performance, Royal Enfield offers.</description>
     <ror:updatePeriod></ror:updatePeriod>
     <ror:sortOrder>1</ror:sortOrder>
     <ror:resourceOf>sitemap</ror:resourceOf>
</item>
<item>
     <link>https://wheelguru.in/yamaha-bikes</link>
     <title>Yamaha bikes Price, Models, Specification, by bikeguru</title>
     <description>Yamaha, Japanese conglomerate, has a rich history dating back to 1953 when they produced their first motorcycle, Yamaha has consistently pushed the boundaries,</description>
     <ror:updatePeriod></ror:updatePeriod>
     <ror:sortOrder>1</ror:sortOrder>
     <ror:resourceOf>sitemap</ror:resourceOf>
</item>
<item>
     <link>https://wheelguru.in/jawa-bikes</link>
     <title>Jawa Bikes Price, Models, Specification, by wheelguru</title>
     <description>When it comes to iconic motorcycles, the name Jawa holds a special place in the hearts of riders and enthusiasts worldwide. The Jawa bike, known for its classic design, impeccable engineering,</description>
     <ror:updatePeriod></ror:updatePeriod>
     <ror:sortOrder>1</ror:sortOrder>
     <ror:resourceOf>sitemap</ror:resourceOf>
</item>
<item>
     <link>https://wheelguru.in/suzuki-bikes</link>
     <title>Suzuki Bikes Price, Models, Specification, Wheelguru</title>
     <description>Welcome to the world of Suzuki bikes, where innovation meets the open road. If you're passionate about motorcycles and crave the thrill of the ride.</description>
     <ror:updatePeriod></ror:updatePeriod>
     <ror:sortOrder>1</ror:sortOrder>
     <ror:resourceOf>sitemap</ror:resourceOf>
</item>
<item>
     <link>https://wheelguru.in/honda-bikes</link>
     <title>Honda Bikes Price, Models, Specification, by wheelguru</title>
     <description>Honda has been a prominent name for decades. You've likely come across the terms Honda bikes and Honda bike in your search for the perfect ride.</description>
     <ror:updatePeriod></ror:updatePeriod>
     <ror:sortOrder>1</ror:sortOrder>
     <ror:resourceOf>sitemap</ror:resourceOf>
</item>
<item>
     <link>https://wheelguru.in/yezdi-bikes</link>
     <title>Yezdi Bikes Price, Models, Specification, bikeguru </title>
     <description>When it comes to classic motorcycles, the Yezdi bike holds a special place in the hearts of enthusiasts. This iconic brand has left an indelible mark on</description>
     <ror:updatePeriod></ror:updatePeriod>
     <ror:sortOrder>1</ror:sortOrder>
     <ror:resourceOf>sitemap</ror:resourceOf>
</item>
<item>
     <link>https://wheelguru.in/ather-scooter</link>
     <title>Ather Price, Models, Specification,  by Wheelguru</title>
     <description>In the fast-paced world of electric mobility, the Ather 450x stands tall as a testament to innovation, sustainability, and cutting-edge technology.</description>
     <ror:updatePeriod></ror:updatePeriod>
     <ror:sortOrder>1</ror:sortOrder>
     <ror:resourceOf>sitemap</ror:resourceOf>
</item>
<item>
     <link>https://wheelguru.in/ola-scooter</link>
     <title>Ola Scooter Price, Models, Specification, by wheelguru</title>
     <description>In today's fast-paced world, urban transportation is a critical aspect of our daily lives. We need efficient, eco-friendly, and cost-effective.</description>
     <ror:updatePeriod></ror:updatePeriod>
     <ror:sortOrder>1</ror:sortOrder>
     <ror:resourceOf>sitemap</ror:resourceOf>
</item>
<item>
     <link>https://wheelguru.in/about-us</link>
     <title>New Bajaj Bike Price, Models, Specification, by Wheelguru</title>
     <description>New Bajaj Bike Price, Models, Specification, by Wheelguru. About Bajaj. We are the world's most valuable two and three wheeler company. Come and take a close</description>
     <ror:updatePeriod></ror:updatePeriod>
     <ror:sortOrder>1</ror:sortOrder>
     <ror:resourceOf>sitemap</ror:resourceOf>
</item>
<item>
     <link>https://wheelguru.in/contact-us</link>
     <title>Contact us, Models, Specification, by Wheelguru</title>
     <description>We genuinely appreciate your interest in Wheelguru, and we're committed to providing you with the best possible experience. Your inquiries, feedback</description>
     <ror:updatePeriod></ror:updatePeriod>
     <ror:sortOrder>1</ror:sortOrder>
     <ror:resourceOf>sitemap</ror:resourceOf>
</item>
<item>
     <link>https://wheelguru.in/faq-page</link>
     <title> Bajaj Bike Price, Models, Specification, by Wheelguru</title>
     <description>Bajaj offers a range of bikes suitable for beginners, known for their ease of handling and affordability.</description>
     <ror:updatePeriod></ror:updatePeriod>
     <ror:sortOrder>1</ror:sortOrder>
     <ror:resourceOf>sitemap</ror:resourceOf>
</item>
<item>
     <link>https://wheelguru.in/privacy-policy</link>
     <title>Privacy Policy for Wheelguru</title>
     <description>This privacy notice for  | Wheelguru (' Company ', 'we', 'us', or 'our' ), describes how and why we </description>
     <ror:updatePeriod></ror:updatePeriod>
     <ror:sortOrder>1</ror:sortOrder>
     <ror:resourceOf>sitemap</ror:resourceOf>
</item>
<item>
     <link>https://wheelguru.in/terms-and-conditions</link>
     <title>Top Bike, Scooter Mileage, Price, Specification | Wheelguru</title>
     <description>Discover the best two-wheeler Bike / EV with excellent mileage, on road prices, detailed specification and info. Compare new bikes, scooters now by Wheelguru</description>
     <ror:updatePeriod></ror:updatePeriod>
     <ror:sortOrder>1</ror:sortOrder>
     <ror:resourceOf>sitemap</ror:resourceOf>
</item>
<item>
     <link>https://wheelguru.in/ather-450x</link>
     <title>Ather 450 X Price, Models,  Specification, by Wheelguru</title>
     <description>In the ever-evolving landscape of electric mobility, the Ather 450X stands as a beacon of innovation, seamlessly blending cutting-edge technology.</description>
     <ror:updatePeriod></ror:updatePeriod>
     <ror:sortOrder>1</ror:sortOrder>
     <ror:resourceOf>sitemap</ror:resourceOf>
</item>
<item>
     <link>https://wheelguru.in/bmw-g310</link>
     <title>BMW G310 RR Price, Models, Specification, by Wheelguru.</title>
     <description>The BMW G310 RR is a name that reverberates through the world of sportbike enthusiasts. With its sharp design, impressive performance, and the BMW badge</description>
     <ror:updatePeriod></ror:updatePeriod>
     <ror:sortOrder>1</ror:sortOrder>
     <ror:resourceOf>sitemap</ror:resourceOf>
</item>
<item>
     <link>https://wheelguru.in/sitemap</link>
     <title>wheelguru.in Site Map - Generated by www.xml-sitemaps.com</title>
     <description>wheelguru.in Site Map - Generated by www.xml-sitemaps.com</description>
     <ror:updatePeriod></ror:updatePeriod>
     <ror:sortOrder>1</ror:sortOrder>
     <ror:resourceOf>sitemap</ror:resourceOf>
</item>
<item>
     <link>https://wheelguru.in/tvs-raider-125</link>
     <title>TVS Raider 125 Price, Models, Specification, bikeguru </title>
     <description>TVS Raider 125, is no exception. In this in-depth guide, we will explore every aspect of the TVS Raider 125, from its price and mileage to its engine.</description>
     <ror:updatePeriod></ror:updatePeriod>
     <ror:sortOrder>2</ror:sortOrder>
     <ror:resourceOf>sitemap</ror:resourceOf>
</item>
<item>
     <link>https://wheelguru.in/bajaj-dominar-400.html</link>
     <title>Bajaj Dominar 400 Price, Models, Specification, by Bikeguru</title>
     <description>The Bajaj Dominar 400 is a renowned name in the world of motorcycles. This powerful machine has garnered a significant following, we will delve into a features.</description>
     <ror:updatePeriod></ror:updatePeriod>
     <ror:sortOrder>2</ror:sortOrder>
     <ror:resourceOf>sitemap</ror:resourceOf>
</item>
<item>
     <link>https://wheelguru.in/triumph-speed-400.html</link>
     <title>Triumph Speed 400 Bike, price, specification, mileage</title>
     <description>The Triumph Speed 400, cruiser bike, in three colors, starting price in India ₹2,33,000, 398.15cc BS6 engine. 39.5 bhp &amp; 37.5 Nm torque, mileage 34 kmpl</description>
     <ror:updatePeriod></ror:updatePeriod>
     <ror:sortOrder>2</ror:sortOrder>
     <ror:resourceOf>sitemap</ror:resourceOf>
</item>
<item>
     <link>https://wheelguru.in/harley-davidson-x440</link>
     <title>Harley Davidson x440 Price, Models, Specification, wheelguru</title>
     <description>In the dynamic world of motorcycles, Harley Davidson stands as an iconic brand with power, luxury, and prestige. The Harley Davidson X440, a masterpiece.</description>
     <ror:updatePeriod></ror:updatePeriod>
     <ror:sortOrder>2</ror:sortOrder>
     <ror:resourceOf>sitemap</ror:resourceOf>
</item>
<item>
     <link>https://wheelguru.in/hero-splendor-plus</link>
     <title>Hero Splendor Plus Price, Models, Specification, wheelguru</title>
     <description>The Hero Splendor Plus, a variant of the legendary Hero Splendor, was first introduced in the early 2000s. It was an instant hit, thanks to its elegant design.</description>
     <ror:updatePeriod></ror:updatePeriod>
     <ror:sortOrder>2</ror:sortOrder>
     <ror:resourceOf>sitemap</ror:resourceOf>
</item>
<item>
     <link>https://wheelguru.in/ktm-duke-390</link>
     <title>Ktm Duke 390 Price, Models, Specification, by wheelguru</title>
     <description>In the realm of motorcycling excellence, one name that commands attention is the KTM Duke 390. This masterful machine embodies power, precision.</description>
     <ror:updatePeriod></ror:updatePeriod>
     <ror:sortOrder>2</ror:sortOrder>
     <ror:resourceOf>sitemap</ror:resourceOf>
</item>
<item>
     <link>https://wheelguru.in/ktm-duke-200</link>
     <title>Ktm Duke 200 Price, Models, Specification, by wheelguru</title>
     <description>Are you ready to experience the roar of a beast, the adrenaline rush of the track, and the freedom of the open road? Look no further than the KTM Duke 200.</description>
     <ror:updatePeriod></ror:updatePeriod>
     <ror:sortOrder>2</ror:sortOrder>
     <ror:resourceOf>sitemap</ror:resourceOf>
</item>
<item>
     <link>https://wheelguru.in/royal-enfield-classic-350</link>
     <title>Royal Enfield Classic 350 Price, Models, Specification</title>
     <description>The Royal Enfield Classic 350 is not just a motorcycle; it's an emotion. It represents the perfect blend of vintage aesthetics and modern engineering.</description>
     <ror:updatePeriod></ror:updatePeriod>
     <ror:sortOrder>2</ror:sortOrder>
     <ror:resourceOf>sitemap</ror:resourceOf>
</item>
<item>
     <link>https://wheelguru.in/royal-enfield-hunter-350</link>
     <title>Royal Enfield Hunter 350 Price, Models, by wheelguru</title>
     <description>The Hunter 350 is a new cruiser bike from Royal Enfield that offers a blend of style, performance, and fun. It is based on the same platform.</description>
     <ror:updatePeriod></ror:updatePeriod>
     <ror:sortOrder>2</ror:sortOrder>
     <ror:resourceOf>sitemap</ror:resourceOf>
</item>
<item>
     <link>https://wheelguru.in/yamaha-mt-15</link>
     <title>Yamaha MT-15 Price, Models, Specification, bikeguru</title>
     <description>If you're a motorcycle enthusiast in India, the Yamaha MT-15 is a name that needs no introduction. This beast on two wheels has gained a loyal fan following.</description>
     <ror:updatePeriod></ror:updatePeriod>
     <ror:sortOrder>2</ror:sortOrder>
     <ror:resourceOf>sitemap</ror:resourceOf>
</item>
<item>
     <link>https://wheelguru.in/yamaha-r-15</link>
     <title>Yamaha R15 bikes Price, Models, Specification, by bikeguru</title>
     <description>In the world of motorcycling, Yamaha has always been synonymous with cutting-edge innovation, exceptional performance. The Yamaha R15 V4 is no exception.</description>
     <ror:updatePeriod></ror:updatePeriod>
     <ror:sortOrder>2</ror:sortOrder>
     <ror:resourceOf>sitemap</ror:resourceOf>
</item>
<item>
     <link>https://wheelguru.in/jawa-perak</link>
     <title>Jawa Perak Price, Models, Specification, by wheelguru</title>
     <description>In the world of motorcycling, few brands evoke the kind of nostalgia and reverence that Jawa does. With a storied history dating back to the mid-20th century.</description>
     <ror:updatePeriod></ror:updatePeriod>
     <ror:sortOrder>2</ror:sortOrder>
     <ror:resourceOf>sitemap</ror:resourceOf>
</item>
<item>
     <link>https://wheelguru.in/suzuki-gixxer-sf-150</link>
     <title>Suzuki Gixxer sf 150 Price, Models, Specification, Wheelguru </title>
     <description>Welcome to the world of Suzuki motorcycles, where innovation meets performance. we delve into the intricacies of the Suzuki Gixxer SF 150</description>
     <ror:updatePeriod></ror:updatePeriod>
     <ror:sortOrder>2</ror:sortOrder>
     <ror:resourceOf>sitemap</ror:resourceOf>
</item>
<item>
     <link>https://wheelguru.in/ola-s1-pro.html</link>
     <title>Ola S1 Pro Price, Models, Specification, by wheelguru</title>
     <description>In the fast-paced world of electric vehicles (EVs), one name has recently made waves - the Ola S1 Pro. This innovative electric scooter has captured attention.</description>
     <ror:updatePeriod></ror:updatePeriod>
     <ror:sortOrder>2</ror:sortOrder>
     <ror:resourceOf>sitemap</ror:resourceOf>
</item>
<item>
     <link>https://wheelguru.in/index</link>
     <title>Top Bike, Scooter Mileage, Price, Specification | Wheelguru</title>
     <description>Discover the best two-wheeler Bike / EV with excellent mileage, on road prices, detailed specification and info. Compare new bikes, scooters now by Wheelguru</description>
     <ror:updatePeriod></ror:updatePeriod>
     <ror:sortOrder>2</ror:sortOrder>
     <ror:resourceOf>sitemap</ror:resourceOf>
</item>
<item>
     <link>https://wheelguru.in/tvs-rtr</link>
     <title>Tvs Rtr Price, Models, Specification, bikeguru </title>
     <description>TVS RTR series, including the TVS RTR 160, TVS RTR 160 4V, TVS RTR, TVS RTR 200 4V, TVS RTR 160 price, TVS RTR 200, and TVS RTR 180. So, gear up and join us.</description>
     <ror:updatePeriod></ror:updatePeriod>
     <ror:sortOrder>2</ror:sortOrder>
     <ror:resourceOf>sitemap</ror:resourceOf>
</item>
<item>
     <link>https://wheelguru.in/bajaj-dominar-400</link>
     <title>Bajaj Dominar 400 Price, Models, Specification, by Bikeguru</title>
     <description>The Bajaj Dominar 400 is a renowned name in the world of motorcycles. This powerful machine has garnered a significant following, we will delve into a features.</description>
     <ror:updatePeriod></ror:updatePeriod>
     <ror:sortOrder>2</ror:sortOrder>
     <ror:resourceOf>sitemap</ror:resourceOf>
</item>
<item>
     <link>https://wheelguru.in/triumph-speed-400</link>
     <title>Triumph Speed 400 Bike, price, specification, mileage</title>
     <description>The Triumph Speed 400, cruiser bike, in three colors, starting price in India ₹2,33,000, 398.15cc BS6 engine. 39.5 bhp &amp; 37.5 Nm torque, mileage 34 kmpl</description>
     <ror:updatePeriod></ror:updatePeriod>
     <ror:sortOrder>2</ror:sortOrder>
     <ror:resourceOf>sitemap</ror:resourceOf>
</item>
<item>
     <link>https://wheelguru.in/jawa-perak.html</link>
     <title>Jawa Perak Price, Models, Specification, by wheelguru</title>
     <description>In the world of motorcycling, few brands evoke the kind of nostalgia and reverence that Jawa does. With a storied history dating back to the mid-20th century.</description>
     <ror:updatePeriod></ror:updatePeriod>
     <ror:sortOrder>2</ror:sortOrder>
     <ror:resourceOf>sitemap</ror:resourceOf>
</item>
<item>
     <link>https://wheelguru.in/honda-shine-125.html</link>
     <title>Honda SP 125 Price, Models, Specification, by wheelguru</title>
     <description>The Honda SP 125, a prominent member of Honda's motorcycle lineup, has gained a reputation for being a reliable and efficient two-wheeler.</description>
     <ror:updatePeriod></ror:updatePeriod>
     <ror:sortOrder>2</ror:sortOrder>
     <ror:resourceOf>sitemap</ror:resourceOf>
</item>
</channel>
</rss>
  